,auctionStimValue,auctionCondition,chosenAuctionAmount,subcode
716,2.0,stop,204.0,63
717,4.0,go,324.0,63
718,0.5,stop,88.0,63
719,1.0,stop,195.0,63
720,4.0,go,245.0,63
721,1.0,stop,162.0,63
722,4.0,go,234.0,63
723,0.5,go,108.0,63
724,0.5,go,98.0,63
725,1.0,stop,204.0,63
726,0.5,stop,78.0,63
727,0.5,go,132.0,63
728,4.0,go,234.0,63
729,1.0,go,162.0,63
730,2.0,stop,156.0,63
731,0.5,stop,132.0,63
732,2.0,go,176.0,63
733,1.0,stop,176.0,63
734,2.0,go,204.0,63
735,4.0,go,204.0,63
736,2.0,stop,162.0,63
737,1.0,stop,196.0,63
738,2.0,go,147.0,63
739,2.0,go,108.0,63
740,1.0,stop,196.0,63
741,2.0,stop,147.0,63
742,2.0,go,88.0,63
743,4.0,stop,220.0,63
744,4.0,stop,245.0,63
745,2.0,go,117.0,63
746,4.0,stop,270.0,63
747,0.5,stop,98.0,63
748,4.0,stop,234.0,63
749,0.5,stop,102.0,63
750,0.5,go,102.0,63
751,0.5,go,102.0,63
752,1.0,go,245.0,63
753,2.0,go,98.0,63
754,4.0,go,294.0,63
755,2.0,stop,156.0,63
756,0.5,go,108.0,63
757,4.0,stop,234.0,63
758,0.5,stop,108.0,63
759,1.0,stop,195.0,63
760,0.5,stop,102.0,63
761,1.0,stop,216.0,63
762,4.0,stop,204.0,63
763,1.0,stop,204.0,63
764,1.0,stop,176.0,63
765,4.0,stop,245.0,63
766,1.0,go,170.0,63
767,1.0,go,176.0,63
768,1.0,go,170.0,63
769,1.0,go,156.0,63
770,0.5,stop,108.0,63
771,4.0,stop,270.0,63
772,4.0,go,324.0,63
773,2.0,stop,176.0,63
774,0.5,stop,117.0,63
775,1.0,go,156.0,63
776,2.0,stop,162.0,63
777,2.0,go,117.0,63
778,2.0,stop,170.0,63
779,0.5,stop,98.0,63
780,0.5,go,88.0,63
781,2.0,stop,176.0,63
782,0.5,go,117.0,63
783,1.0,go,216.0,63
784,1.0,go,196.0,63
785,2.0,go,162.0,63
786,0.5,go,98.0,63
787,4.0,stop,204.0,63
788,2.0,go,170.0,63
789,4.0,go,204.0,63
790,2.0,stop,196.0,63
791,4.0,go,264.0,63
792,4.0,go,264.0,63
793,1.0,go,176.0,63
794,4.0,stop,264.0,63
795,0.5,go,117.0,63
716,1.0,stop,0.0,54
717,1.0,go,216.0,54
718,4.0,go,162.0,54
719,4.0,go,170.0,54
720,1.0,go,0.0,54
721,4.0,stop,220.0,54
722,1.0,stop,204.0,54
723,1.0,go,0.0,54
724,1.0,go,34.0,54
725,2.0,go,102.0,54
726,4.0,go,132.0,54
727,1.0,go,162.0,54
728,0.5,go,234.0,54
729,2.0,go,220.0,54
730,0.5,stop,176.0,54
731,0.5,stop,196.0,54
732,0.5,stop,147.0,54
733,0.5,stop,204.0,54
734,2.0,stop,264.0,54
735,4.0,stop,294.0,54
736,0.5,stop,234.0,54
737,2.0,go,196.0,54
738,1.0,stop,245.0,54
739,0.5,go,264.0,54
740,0.5,go,234.0,54
741,4.0,stop,270.0,54
742,4.0,go,245.0,54
743,2.0,go,176.0,54
744,0.5,stop,204.0,54
745,0.5,stop,216.0,54
746,1.0,go,245.0,54
747,4.0,stop,234.0,54
748,1.0,stop,220.0,54
749,4.0,stop,270.0,54
750,0.5,go,270.0,54
751,1.0,stop,294.0,54
752,2.0,go,195.0,54
753,4.0,go,220.0,54
754,2.0,stop,132.0,54
755,1.0,stop,234.0,54
756,4.0,go,216.0,54
757,4.0,go,245.0,54
758,2.0,stop,204.0,54
759,1.0,stop,234.0,54
760,2.0,stop,204.0,54
761,4.0,go,204.0,54
762,0.5,go,294.0,54
763,1.0,stop,270.0,54
764,0.5,go,264.0,54
765,4.0,stop,204.0,54
766,1.0,go,176.0,54
767,0.5,go,294.0,54
768,4.0,stop,294.0,54
769,0.5,go,204.0,54
770,0.5,stop,162.0,54
771,4.0,stop,234.0,54
772,2.0,stop,216.0,54
773,2.0,stop,195.0,54
774,1.0,go,204.0,54
775,1.0,stop,162.0,54
776,0.5,stop,132.0,54
777,0.5,go,324.0,54
778,2.0,go,204.0,54
779,2.0,go,49.0,54
780,4.0,go,156.0,54
781,2.0,stop,196.0,54
782,2.0,stop,270.0,54
783,4.0,stop,136.0,54
784,0.5,stop,195.0,54
785,2.0,stop,245.0,54
786,2.0,go,195.0,54
787,0.5,go,136.0,54
788,1.0,go,220.0,54
789,4.0,stop,220.0,54
790,1.0,go,234.0,54
791,2.0,go,108.0,54
792,2.0,go,216.0,54
793,2.0,stop,234.0,54
794,1.0,stop,176.0,54
795,4.0,go,195.0,54
716,0.5,stop,0.0,38
717,4.0,stop,49.0,38
718,2.0,go,270.0,38
719,4.0,stop,54.0,38
720,4.0,go,234.0,38
721,1.0,go,54.0,38
722,0.5,stop,88.0,38
723,1.0,stop,54.0,38
724,2.0,stop,54.0,38
725,2.0,stop,54.0,38
726,1.0,go,196.0,38
727,4.0,stop,78.0,38
728,4.0,go,324.0,38
729,2.0,go,117.0,38
730,2.0,stop,44.0,38
731,2.0,stop,34.0,38
732,1.0,go,132.0,38
733,0.5,stop,136.0,38
734,0.5,go,162.0,38
735,4.0,stop,102.0,38
736,1.0,go,132.0,38
737,0.5,stop,156.0,38
738,4.0,stop,98.0,38
739,2.0,stop,49.0,38
740,1.0,stop,34.0,38
741,2.0,go,136.0,38
742,1.0,go,117.0,38
743,2.0,go,196.0,38
744,2.0,go,170.0,38
745,0.5,go,170.0,38
746,1.0,go,196.0,38
747,4.0,stop,88.0,38
748,4.0,go,204.0,38
749,2.0,go,245.0,38
750,2.0,go,220.0,38
751,2.0,stop,39.0,38
752,2.0,stop,49.0,38
753,4.0,go,264.0,38
754,0.5,go,220.0,38
755,1.0,go,156.0,38
756,4.0,go,245.0,38
757,0.5,stop,196.0,38
758,1.0,stop,44.0,38
759,2.0,go,176.0,38
760,0.5,stop,162.0,38
761,1.0,stop,34.0,38
762,0.5,go,196.0,38
763,1.0,stop,49.0,38
764,4.0,stop,162.0,38
765,0.5,go,195.0,38
766,2.0,stop,34.0,38
767,4.0,go,234.0,38
768,4.0,go,245.0,38
769,1.0,stop,44.0,38
770,0.5,stop,108.0,38
771,1.0,stop,49.0,38
772,1.0,stop,78.0,38
773,4.0,go,204.0,38
774,4.0,go,220.0,38
775,0.5,stop,132.0,38
776,1.0,go,102.0,38
777,0.5,go,176.0,38
778,0.5,go,147.0,38
779,2.0,go,195.0,38
780,4.0,go,324.0,38
781,0.5,go,195.0,38
782,2.0,stop,44.0,38
783,4.0,stop,78.0,38
784,1.0,stop,39.0,38
785,1.0,stop,54.0,38
786,0.5,go,136.0,38
787,0.5,stop,204.0,38
788,1.0,go,170.0,38
789,4.0,stop,170.0,38
790,2.0,go,216.0,38
791,0.5,stop,156.0,38
792,2.0,stop,39.0,38
793,4.0,stop,88.0,38
794,0.5,go,270.0,38
795,1.0,go,216.0,38
716,2.0,stop,88.0,81
717,0.5,stop,68.0,81
718,2.0,stop,270.0,81
719,2.0,stop,195.0,81
720,4.0,go,0.0,81
721,1.0,go,54.0,81
722,4.0,stop,170.0,81
723,2.0,stop,245.0,81
724,0.5,go,98.0,81
725,2.0,stop,102.0,81
726,2.0,go,78.0,81
727,1.0,stop,78.0,81
728,2.0,go,195.0,81
729,2.0,stop,176.0,81
730,2.0,go,204.0,81
731,1.0,stop,196.0,81
732,4.0,stop,98.0,81
733,4.0,go,324.0,81
734,1.0,go,162.0,81
735,1.0,go,98.0,81
736,2.0,stop,162.0,81
737,0.5,stop,98.0,81
738,1.0,stop,49.0,81
739,1.0,stop,68.0,81
740,1.0,go,196.0,81
741,4.0,stop,136.0,81
742,1.0,go,156.0,81
743,2.0,go,108.0,81
744,1.0,go,68.0,81
745,1.0,go,156.0,81
746,2.0,go,176.0,81
747,2.0,go,147.0,81
748,4.0,go,196.0,81
749,0.5,stop,78.0,81
750,4.0,stop,270.0,81
751,4.0,go,216.0,81
752,1.0,stop,54.0,81
753,0.5,go,39.0,81
754,1.0,stop,68.0,81
755,4.0,go,245.0,81
756,1.0,go,44.0,81
757,2.0,stop,170.0,81
758,4.0,stop,264.0,81
759,2.0,go,88.0,81
760,0.5,go,78.0,81
761,1.0,stop,54.0,81
762,4.0,go,264.0,81
763,0.5,stop,54.0,81
764,4.0,stop,234.0,81
765,0.5,go,34.0,81
766,4.0,go,204.0,81
767,0.5,stop,34.0,81
768,0.5,stop,39.0,81
769,1.0,stop,44.0,81
770,0.5,go,54.0,81
771,0.5,go,88.0,81
772,4.0,go,195.0,81
773,4.0,stop,220.0,81
774,0.5,go,54.0,81
775,2.0,stop,117.0,81
776,0.5,go,147.0,81
777,1.0,stop,176.0,81
778,0.5,stop,44.0,81
779,4.0,stop,294.0,81
780,2.0,go,102.0,81
781,4.0,go,234.0,81
782,0.5,go,68.0,81
783,1.0,stop,39.0,81
784,1.0,go,44.0,81
785,0.5,go,264.0,81
786,0.5,stop,54.0,81
787,0.5,stop,49.0,81
788,4.0,go,44.0,81
789,4.0,stop,234.0,81
790,4.0,stop,270.0,81
791,0.5,stop,44.0,81
792,2.0,go,54.0,81
793,1.0,go,34.0,81
794,2.0,go,98.0,81
795,2.0,stop,98.0,81
716,0.5,stop,0.0,57
717,2.0,stop,196.0,57
718,2.0,stop,68.0,57
719,4.0,go,34.0,57
720,2.0,go,88.0,57
721,4.0,go,220.0,57
722,2.0,go,98.0,57
723,0.5,stop,49.0,57
724,0.5,stop,78.0,57
725,1.0,stop,245.0,57
726,1.0,stop,39.0,57
727,2.0,stop,117.0,57
728,4.0,stop,204.0,57
729,0.5,stop,108.0,57
730,1.0,go,170.0,57
731,0.5,go,54.0,57
732,4.0,go,245.0,57
733,0.5,go,34.0,57
734,1.0,stop,132.0,57
735,2.0,stop,170.0,57
736,4.0,stop,324.0,57
737,4.0,stop,270.0,57
738,2.0,go,44.0,57
739,2.0,stop,132.0,57
740,1.0,stop,68.0,57
741,1.0,go,195.0,57
742,4.0,stop,264.0,57
743,2.0,stop,39.0,57
744,2.0,stop,54.0,57
745,0.5,stop,88.0,57
746,2.0,stop,220.0,57
747,1.0,stop,68.0,57
748,4.0,go,204.0,57
749,4.0,stop,220.0,57
750,1.0,go,117.0,57
751,2.0,go,68.0,57
752,2.0,stop,270.0,57
753,1.0,go,196.0,57
754,2.0,go,34.0,57
755,1.0,stop,49.0,57
756,0.5,go,78.0,57
757,0.5,go,68.0,57
758,0.5,stop,78.0,57
759,1.0,go,162.0,57
760,1.0,go,176.0,57
761,2.0,go,39.0,57
762,1.0,go,204.0,57
763,4.0,go,234.0,57
764,1.0,go,88.0,57
765,1.0,stop,44.0,57
766,4.0,stop,204.0,57
767,1.0,stop,195.0,57
768,4.0,stop,195.0,57
769,0.5,go,78.0,57
770,4.0,go,234.0,57
771,4.0,go,216.0,57
772,4.0,stop,245.0,57
773,0.5,stop,176.0,57
774,0.5,go,49.0,57
775,2.0,go,54.0,57
776,0.5,go,196.0,57
777,0.5,go,88.0,57
778,2.0,go,98.0,57
779,1.0,go,147.0,57
780,0.5,go,88.0,57
781,4.0,go,294.0,57
782,4.0,stop,234.0,57
783,1.0,go,216.0,57
784,1.0,stop,54.0,57
785,4.0,stop,294.0,57
786,0.5,stop,54.0,57
787,0.5,stop,170.0,57
788,2.0,go,39.0,57
789,0.5,go,54.0,57
790,4.0,go,264.0,57
791,0.5,stop,196.0,57
792,2.0,go,54.0,57
793,4.0,go,324.0,57
794,2.0,stop,294.0,57
795,1.0,stop,54.0,57
716,1.0,go,0.0,82
717,4.0,go,102.0,82
718,1.0,stop,245.0,82
719,1.0,stop,88.0,82
720,0.5,stop,162.0,82
721,0.5,go,78.0,82
722,4.0,stop,220.0,82
723,4.0,stop,132.0,82
724,4.0,stop,98.0,82
725,0.5,go,176.0,82
726,2.0,stop,270.0,82
727,4.0,go,108.0,82
728,2.0,stop,34.0,82
729,0.5,go,78.0,82
730,4.0,stop,170.0,82
731,1.0,go,245.0,82
732,0.5,go,54.0,82
733,1.0,go,220.0,82
734,1.0,go,68.0,82
735,1.0,go,195.0,82
736,0.5,go,34.0,82
737,0.5,stop,245.0,82
738,2.0,go,170.0,82
739,4.0,go,294.0,82
740,2.0,go,39.0,82
741,1.0,stop,102.0,82
742,0.5,go,147.0,82
743,4.0,go,132.0,82
744,0.5,stop,68.0,82
745,0.5,stop,117.0,82
746,0.5,stop,264.0,82
747,4.0,stop,68.0,82
748,1.0,stop,132.0,82
749,2.0,go,108.0,82
750,1.0,go,44.0,82
751,2.0,go,102.0,82
752,0.5,go,294.0,82
753,2.0,go,196.0,82
754,1.0,stop,156.0,82
755,1.0,go,136.0,82
756,0.5,stop,264.0,82
757,4.0,go,156.0,82
758,4.0,stop,162.0,82
759,1.0,go,270.0,82
760,2.0,go,216.0,82
761,4.0,stop,156.0,82
762,1.0,stop,68.0,82
763,1.0,go,195.0,82
764,2.0,stop,195.0,82
765,2.0,stop,132.0,82
766,2.0,stop,49.0,82
767,2.0,stop,170.0,82
768,0.5,go,220.0,82
769,4.0,go,88.0,82
770,4.0,go,156.0,82
771,1.0,stop,98.0,82
772,0.5,stop,324.0,82
773,2.0,go,264.0,82
774,0.5,stop,147.0,82
775,4.0,stop,195.0,82
776,1.0,stop,234.0,82
777,2.0,go,245.0,82
778,2.0,stop,108.0,82
779,4.0,stop,216.0,82
780,0.5,go,136.0,82
781,1.0,stop,324.0,82
782,2.0,stop,220.0,82
783,1.0,stop,162.0,82
784,4.0,go,147.0,82
785,2.0,go,132.0,82
786,0.5,go,270.0,82
787,0.5,stop,39.0,82
788,4.0,go,136.0,82
789,0.5,stop,170.0,82
790,2.0,stop,39.0,82
791,1.0,go,324.0,82
792,2.0,go,234.0,82
793,4.0,go,270.0,82
794,2.0,stop,49.0,82
795,4.0,stop,245.0,82
716,2.0,go,0.0,76
717,2.0,stop,264.0,76
718,0.5,go,136.0,76
719,2.0,go,170.0,76
720,2.0,stop,294.0,76
721,2.0,stop,264.0,76
722,1.0,go,264.0,76
723,1.0,stop,170.0,76
724,0.5,stop,245.0,76
725,4.0,stop,324.0,76
726,0.5,stop,234.0,76
727,0.5,go,108.0,76
728,2.0,go,324.0,76
729,2.0,stop,270.0,76
730,1.0,go,216.0,76
731,2.0,stop,216.0,76
732,0.5,go,195.0,76
733,4.0,stop,220.0,76
734,2.0,stop,234.0,76
735,2.0,go,220.0,76
736,0.5,go,170.0,76
737,1.0,go,294.0,76
738,1.0,stop,132.0,76
739,0.5,stop,234.0,76
740,0.5,stop,204.0,76
741,2.0,go,234.0,76
742,2.0,go,216.0,76
743,1.0,go,245.0,76
744,0.5,stop,264.0,76
745,0.5,go,54.0,76
746,4.0,stop,264.0,76
747,4.0,stop,294.0,76
748,4.0,go,324.0,76
749,1.0,stop,102.0,76
750,4.0,go,264.0,76
751,4.0,go,204.0,76
752,0.5,go,98.0,76
753,4.0,go,294.0,76
754,4.0,stop,234.0,76
755,0.5,go,44.0,76
756,0.5,go,44.0,76
757,2.0,stop,204.0,76
758,1.0,go,204.0,76
759,4.0,stop,234.0,76
760,4.0,stop,245.0,76
761,1.0,go,195.0,76
762,1.0,stop,108.0,76
763,1.0,go,162.0,76
764,0.5,stop,324.0,76
765,1.0,stop,234.0,76
766,0.5,go,49.0,76
767,4.0,stop,270.0,76
768,1.0,stop,49.0,76
769,0.5,stop,162.0,76
770,2.0,stop,234.0,76
771,4.0,go,204.0,76
772,4.0,stop,204.0,76
773,0.5,stop,264.0,76
774,0.5,stop,204.0,76
775,1.0,stop,78.0,76
776,4.0,go,234.0,76
777,1.0,go,176.0,76
778,2.0,go,294.0,76
779,4.0,go,234.0,76
780,2.0,go,195.0,76
781,2.0,stop,196.0,76
782,2.0,go,170.0,76
783,1.0,stop,108.0,76
784,0.5,go,78.0,76
785,4.0,go,294.0,76
786,4.0,go,264.0,76
787,1.0,stop,88.0,76
788,1.0,go,170.0,76
789,2.0,stop,170.0,76
790,4.0,stop,204.0,76
791,1.0,stop,98.0,76
792,1.0,go,195.0,76
793,0.5,stop,294.0,76
794,4.0,go,216.0,76
795,2.0,go,147.0,76
716,1.0,go,98.0,15
717,2.0,go,204.0,15
718,4.0,go,245.0,15
719,2.0,stop,156.0,15
720,0.5,go,204.0,15
721,4.0,go,264.0,15
722,1.0,stop,270.0,15
723,2.0,stop,294.0,15
724,4.0,go,68.0,15
725,0.5,go,136.0,15
726,1.0,go,170.0,15
727,2.0,go,204.0,15
728,0.5,stop,108.0,15
729,1.0,stop,234.0,15
730,2.0,go,196.0,15
731,4.0,stop,196.0,15
732,1.0,go,220.0,15
733,4.0,go,270.0,15
734,4.0,stop,49.0,15
735,2.0,go,195.0,15
736,2.0,stop,234.0,15
737,2.0,stop,294.0,15
738,1.0,stop,136.0,15
739,4.0,go,245.0,15
740,0.5,stop,88.0,15
741,0.5,go,44.0,15
742,4.0,stop,44.0,15
743,2.0,stop,108.0,15
744,0.5,stop,156.0,15
745,2.0,stop,68.0,15
746,0.5,go,245.0,15
747,1.0,stop,195.0,15
748,2.0,go,44.0,15
749,0.5,go,270.0,15
750,4.0,stop,39.0,15
751,1.0,go,324.0,15
752,0.5,go,220.0,15
753,2.0,go,324.0,15
754,1.0,stop,170.0,15
755,4.0,go,170.0,15
756,0.5,stop,204.0,15
757,1.0,go,234.0,15
758,2.0,go,196.0,15
759,1.0,stop,108.0,15
760,4.0,stop,216.0,15
761,1.0,stop,264.0,15
762,4.0,go,216.0,15
763,0.5,stop,147.0,15
764,1.0,go,196.0,15
765,4.0,stop,102.0,15
766,1.0,go,136.0,15
767,0.5,go,216.0,15
768,4.0,stop,162.0,15
769,2.0,stop,220.0,15
770,2.0,stop,102.0,15
771,4.0,stop,204.0,15
772,4.0,go,176.0,15
773,4.0,stop,156.0,15
774,4.0,go,195.0,15
775,0.5,stop,117.0,15
776,2.0,go,156.0,15
777,1.0,stop,196.0,15
778,1.0,go,216.0,15
779,0.5,go,78.0,15
780,0.5,go,78.0,15
781,2.0,stop,220.0,15
782,4.0,go,195.0,15
783,0.5,stop,216.0,15
784,1.0,stop,245.0,15
785,0.5,stop,196.0,15
786,2.0,stop,54.0,15
787,1.0,go,156.0,15
788,0.5,stop,44.0,15
789,2.0,go,44.0,15
790,1.0,go,264.0,15
791,0.5,stop,68.0,15
792,2.0,go,162.0,15
793,1.0,stop,132.0,15
794,4.0,stop,176.0,15
795,0.5,go,147.0,15
716,2.0,stop,0.0,52
717,0.5,stop,245.0,52
718,0.5,go,88.0,52
719,1.0,go,170.0,52
720,0.5,stop,44.0,52
721,2.0,go,204.0,52
722,4.0,go,264.0,52
723,1.0,go,162.0,52
724,1.0,stop,195.0,52
725,4.0,go,324.0,52
726,0.5,stop,34.0,52
727,0.5,go,49.0,52
728,4.0,stop,264.0,52
729,2.0,go,234.0,52
730,4.0,go,324.0,52
731,2.0,go,220.0,52
732,1.0,go,176.0,52
733,1.0,stop,220.0,52
734,2.0,go,324.0,52
735,4.0,go,204.0,52
736,4.0,stop,204.0,52
737,4.0,stop,294.0,52
738,1.0,go,196.0,52
739,2.0,go,245.0,52
740,0.5,stop,270.0,52
741,4.0,go,294.0,52
742,2.0,stop,245.0,52
743,2.0,stop,98.0,52
744,4.0,stop,204.0,52
745,2.0,stop,54.0,52
746,2.0,go,220.0,52
747,2.0,stop,44.0,52
748,1.0,go,196.0,52
749,0.5,go,34.0,52
750,0.5,go,54.0,52
751,4.0,stop,234.0,52
752,0.5,go,44.0,52
753,1.0,go,220.0,52
754,0.5,go,49.0,52
755,2.0,stop,39.0,52
756,1.0,stop,162.0,52
757,1.0,stop,294.0,52
758,2.0,go,196.0,52
759,4.0,go,264.0,52
760,2.0,go,195.0,52
761,4.0,go,204.0,52
762,2.0,stop,44.0,52
763,4.0,stop,264.0,52
764,1.0,stop,270.0,52
765,1.0,go,234.0,52
766,1.0,stop,176.0,52
767,4.0,go,234.0,52
768,1.0,go,162.0,52
769,4.0,stop,324.0,52
770,0.5,stop,49.0,52
771,1.0,stop,117.0,52
772,4.0,go,294.0,52
773,4.0,stop,324.0,52
774,0.5,stop,68.0,52
775,1.0,stop,136.0,52
776,0.5,go,39.0,52
777,0.5,go,34.0,52
778,0.5,go,39.0,52
779,0.5,stop,54.0,52
780,2.0,stop,195.0,52
781,0.5,stop,78.0,52
782,1.0,stop,196.0,52
783,0.5,stop,88.0,52
784,4.0,go,234.0,52
785,4.0,stop,234.0,52
786,2.0,go,204.0,52
787,1.0,go,170.0,52
788,0.5,go,216.0,52
789,2.0,stop,68.0,52
790,1.0,go,195.0,52
791,0.5,stop,39.0,52
792,4.0,stop,294.0,52
793,2.0,stop,54.0,52
794,1.0,stop,204.0,52
795,2.0,go,270.0,52
716,4.0,stop,162.0,65
717,2.0,go,245.0,65
718,1.0,stop,44.0,65
719,2.0,go,170.0,65
720,2.0,stop,88.0,65
721,4.0,stop,98.0,65
722,2.0,stop,117.0,65
723,2.0,stop,136.0,65
724,0.5,stop,117.0,65
725,0.5,stop,132.0,65
726,0.5,stop,147.0,65
727,4.0,stop,136.0,65
728,0.5,go,324.0,65
729,1.0,go,220.0,65
730,1.0,go,204.0,65
731,2.0,stop,98.0,65
732,4.0,go,324.0,65
733,4.0,go,204.0,65
734,0.5,stop,108.0,65
735,0.5,go,234.0,65
736,0.5,stop,147.0,65
737,1.0,stop,156.0,65
738,1.0,go,245.0,65
739,2.0,go,234.0,65
740,1.0,go,220.0,65
741,1.0,stop,117.0,65
742,0.5,stop,88.0,65
743,4.0,stop,44.0,65
744,0.5,go,294.0,65
745,1.0,stop,98.0,65
746,1.0,go,156.0,65
747,1.0,stop,68.0,65
748,0.5,stop,68.0,65
749,1.0,go,245.0,65
750,4.0,go,264.0,65
751,2.0,go,245.0,65
752,1.0,stop,68.0,65
753,0.5,go,216.0,65
754,4.0,go,324.0,65
755,0.5,go,234.0,65
756,4.0,stop,88.0,65
757,1.0,stop,147.0,65
758,0.5,go,204.0,65
759,2.0,go,176.0,65
760,0.5,stop,78.0,65
761,4.0,stop,68.0,65
762,2.0,go,204.0,65
763,4.0,go,264.0,65
764,1.0,go,270.0,65
765,2.0,stop,108.0,65
766,4.0,stop,78.0,65
767,2.0,go,176.0,65
768,2.0,stop,132.0,65
769,1.0,stop,132.0,65
770,0.5,go,204.0,65
771,4.0,go,234.0,65
772,4.0,go,156.0,65
773,2.0,go,162.0,65
774,1.0,stop,108.0,65
775,2.0,go,162.0,65
776,0.5,go,264.0,65
777,2.0,go,195.0,65
778,0.5,stop,102.0,65
779,4.0,stop,98.0,65
780,2.0,stop,102.0,65
781,4.0,stop,108.0,65
782,0.5,go,245.0,65
783,4.0,go,204.0,65
784,1.0,go,204.0,65
785,4.0,go,245.0,65
786,1.0,go,108.0,65
787,0.5,go,264.0,65
788,4.0,go,147.0,65
789,1.0,go,195.0,65
790,2.0,stop,78.0,65
791,2.0,stop,270.0,65
792,4.0,stop,234.0,65
793,0.5,stop,324.0,65
794,1.0,stop,162.0,65
795,2.0,stop,147.0,65
716,1.0,go,0.0,79
717,1.0,stop,147.0,79
718,2.0,stop,88.0,79
719,2.0,go,195.0,79
720,4.0,stop,170.0,79
721,1.0,stop,204.0,79
722,0.5,go,49.0,79
723,4.0,go,117.0,79
724,4.0,go,170.0,79
725,2.0,go,220.0,79
726,0.5,stop,39.0,79
727,2.0,go,54.0,79
728,0.5,go,88.0,79
729,4.0,go,216.0,79
730,0.5,stop,98.0,79
731,1.0,stop,270.0,79
732,1.0,stop,270.0,79
733,1.0,stop,234.0,79
734,0.5,go,108.0,79
735,2.0,stop,44.0,79
736,0.5,go,136.0,79
737,1.0,stop,245.0,79
738,1.0,go,108.0,79
739,1.0,stop,220.0,79
740,1.0,stop,204.0,79
741,2.0,stop,34.0,79
742,1.0,go,98.0,79
743,2.0,stop,54.0,79
744,1.0,go,132.0,79
745,4.0,stop,147.0,79
746,4.0,stop,216.0,79
747,2.0,go,98.0,79
748,1.0,go,176.0,79
749,0.5,stop,78.0,79
750,2.0,go,102.0,79
751,1.0,stop,234.0,79
752,0.5,stop,49.0,79
753,0.5,go,176.0,79
754,4.0,stop,195.0,79
755,1.0,go,136.0,79
756,1.0,go,162.0,79
757,1.0,go,170.0,79
758,2.0,stop,49.0,79
759,0.5,go,162.0,79
760,2.0,go,68.0,79
761,2.0,stop,54.0,79
762,1.0,go,195.0,79
763,4.0,go,204.0,79
764,0.5,stop,132.0,79
765,2.0,stop,98.0,79
766,2.0,stop,78.0,79
767,4.0,go,132.0,79
768,0.5,go,117.0,79
769,0.5,stop,162.0,79
770,4.0,stop,176.0,79
771,4.0,stop,216.0,79
772,0.5,stop,88.0,79
773,0.5,go,170.0,79
774,0.5,stop,68.0,79
775,2.0,stop,78.0,79
776,1.0,go,117.0,79
777,4.0,stop,264.0,79
778,2.0,go,196.0,79
779,4.0,go,156.0,79
780,1.0,stop,264.0,79
781,0.5,stop,136.0,79
782,4.0,stop,196.0,79
783,4.0,stop,204.0,79
784,4.0,go,196.0,79
785,4.0,go,162.0,79
786,2.0,stop,68.0,79
787,2.0,go,78.0,79
788,0.5,go,78.0,79
789,4.0,go,176.0,79
790,4.0,stop,195.0,79
791,2.0,go,162.0,79
792,4.0,go,147.0,79
793,0.5,go,147.0,79
794,0.5,stop,54.0,79
795,2.0,go,176.0,79
716,1.0,go,0.0,75
717,0.5,stop,68.0,75
718,0.5,go,34.0,75
719,4.0,stop,44.0,75
720,0.5,go,54.0,75
721,2.0,stop,216.0,75
722,2.0,go,264.0,75
723,0.5,go,0.0,75
724,4.0,stop,234.0,75
725,0.5,stop,0.0,75
726,1.0,stop,34.0,75
727,1.0,go,234.0,75
728,0.5,stop,170.0,75
729,4.0,go,264.0,75
730,1.0,go,147.0,75
731,4.0,go,324.0,75
732,2.0,go,195.0,75
733,1.0,stop,49.0,75
734,4.0,stop,324.0,75
735,1.0,stop,98.0,75
736,4.0,go,264.0,75
737,4.0,go,294.0,75
738,0.5,go,39.0,75
739,4.0,stop,294.0,75
740,0.5,stop,39.0,75
741,0.5,go,49.0,75
742,4.0,stop,204.0,75
743,2.0,stop,195.0,75
744,2.0,stop,170.0,75
745,0.5,go,39.0,75
746,0.5,stop,176.0,75
747,2.0,stop,196.0,75
748,0.5,go,44.0,75
749,0.5,stop,196.0,75
750,4.0,stop,264.0,75
751,4.0,go,234.0,75
752,4.0,stop,270.0,75
753,4.0,go,234.0,75
754,4.0,go,324.0,75
755,2.0,go,162.0,75
756,1.0,go,117.0,75
757,2.0,stop,176.0,75
758,0.5,go,44.0,75
759,2.0,stop,170.0,75
760,0.5,stop,132.0,75
761,0.5,stop,108.0,75
762,4.0,go,204.0,75
763,1.0,stop,132.0,75
764,4.0,go,294.0,75
765,2.0,stop,294.0,75
766,2.0,go,68.0,75
767,1.0,stop,108.0,75
768,1.0,go,196.0,75
769,2.0,go,0.0,75
770,2.0,stop,176.0,75
771,1.0,go,204.0,75
772,4.0,stop,294.0,75
773,1.0,stop,54.0,75
774,4.0,stop,234.0,75
775,0.5,go,49.0,75
776,0.5,stop,54.0,75
777,2.0,go,162.0,75
778,2.0,stop,162.0,75
779,1.0,stop,78.0,75
780,4.0,stop,204.0,75
781,4.0,go,204.0,75
782,2.0,stop,156.0,75
783,2.0,go,0.0,75
784,2.0,go,147.0,75
785,1.0,stop,88.0,75
786,0.5,stop,156.0,75
787,2.0,go,147.0,75
788,1.0,go,204.0,75
789,0.5,go,54.0,75
790,1.0,stop,78.0,75
791,1.0,go,132.0,75
792,2.0,go,0.0,75
793,1.0,stop,34.0,75
794,1.0,go,162.0,75
795,1.0,go,162.0,75
716,2.0,stop,0.0,51
717,1.0,stop,132.0,51
718,0.5,stop,68.0,51
719,0.5,go,270.0,51
720,2.0,go,102.0,51
721,2.0,stop,216.0,51
722,2.0,go,196.0,51
723,0.5,go,245.0,51
724,2.0,stop,195.0,51
725,2.0,stop,204.0,51
726,1.0,go,216.0,51
727,2.0,stop,170.0,51
728,1.0,stop,108.0,51
729,2.0,go,117.0,51
730,2.0,stop,220.0,51
731,4.0,stop,270.0,51
732,0.5,go,264.0,51
733,1.0,stop,220.0,51
734,0.5,stop,98.0,51
735,0.5,stop,117.0,51
736,4.0,stop,176.0,51
737,0.5,go,204.0,51
738,0.5,go,264.0,51
739,1.0,stop,234.0,51
740,0.5,go,204.0,51
741,0.5,stop,78.0,51
742,4.0,stop,162.0,51
743,1.0,stop,234.0,51
744,1.0,go,195.0,51
745,2.0,go,102.0,51
746,2.0,go,162.0,51
747,1.0,stop,245.0,51
748,1.0,go,147.0,51
749,2.0,stop,132.0,51
750,2.0,go,78.0,51
751,0.5,stop,44.0,51
752,4.0,stop,204.0,51
753,2.0,go,176.0,51
754,0.5,go,196.0,51
755,1.0,stop,196.0,51
756,4.0,stop,294.0,51
757,0.5,stop,54.0,51
758,1.0,go,147.0,51
759,4.0,go,195.0,51
760,4.0,go,132.0,51
761,4.0,stop,176.0,51
762,4.0,go,117.0,51
763,4.0,go,136.0,51
764,1.0,go,176.0,51
765,0.5,go,195.0,51
766,4.0,stop,170.0,51
767,1.0,go,132.0,51
768,0.5,stop,88.0,51
769,2.0,stop,234.0,51
770,4.0,go,132.0,51
771,0.5,stop,68.0,51
772,1.0,stop,102.0,51
773,2.0,stop,270.0,51
774,2.0,stop,98.0,51
775,0.5,go,216.0,51
776,0.5,go,195.0,51
777,4.0,go,196.0,51
778,2.0,go,108.0,51
779,1.0,go,117.0,51
780,1.0,go,170.0,51
781,4.0,go,162.0,51
782,0.5,stop,108.0,51
783,4.0,stop,117.0,51
784,4.0,stop,117.0,51
785,1.0,go,136.0,51
786,4.0,stop,147.0,51
787,4.0,go,170.0,51
788,1.0,go,162.0,51
789,4.0,go,147.0,51
790,4.0,go,162.0,51
791,0.5,stop,49.0,51
792,2.0,go,132.0,51
793,1.0,stop,170.0,51
794,2.0,go,147.0,51
795,1.0,stop,162.0,51
716,0.5,stop,204.0,66
717,0.5,go,195.0,66
718,4.0,stop,156.0,66
719,2.0,go,0.0,66
720,0.5,stop,156.0,66
721,1.0,stop,216.0,66
722,4.0,go,147.0,66
723,2.0,stop,162.0,66
724,4.0,go,234.0,66
725,0.5,stop,88.0,66
726,2.0,go,147.0,66
727,4.0,stop,245.0,66
728,4.0,stop,324.0,66
729,1.0,stop,245.0,66
730,2.0,go,132.0,66
731,0.5,stop,108.0,66
732,0.5,stop,147.0,66
733,2.0,go,78.0,66
734,0.5,go,98.0,66
735,1.0,go,147.0,66
736,1.0,go,132.0,66
737,4.0,stop,88.0,66
738,2.0,stop,147.0,66
739,2.0,go,136.0,66
740,1.0,stop,132.0,66
741,1.0,go,162.0,66
742,1.0,go,156.0,66
743,4.0,go,108.0,66
744,0.5,stop,147.0,66
745,2.0,stop,147.0,66
746,1.0,go,162.0,66
747,1.0,go,98.0,66
748,2.0,stop,132.0,66
749,2.0,stop,176.0,66
750,4.0,stop,195.0,66
751,4.0,stop,170.0,66
752,1.0,stop,264.0,66
753,2.0,stop,170.0,66
754,0.5,stop,162.0,66
755,1.0,go,156.0,66
756,4.0,go,117.0,66
757,4.0,stop,132.0,66
758,1.0,stop,147.0,66
759,4.0,go,147.0,66
760,4.0,go,136.0,66
761,4.0,stop,162.0,66
762,1.0,go,136.0,66
763,0.5,stop,132.0,66
764,4.0,go,170.0,66
765,2.0,go,176.0,66
766,2.0,stop,156.0,66
767,0.5,go,147.0,66
768,1.0,stop,156.0,66
769,4.0,stop,102.0,66
770,0.5,go,136.0,66
771,4.0,go,162.0,66
772,0.5,stop,156.0,66
773,2.0,go,162.0,66
774,4.0,stop,147.0,66
775,2.0,go,156.0,66
776,1.0,go,170.0,66
777,0.5,go,156.0,66
778,1.0,stop,136.0,66
779,0.5,stop,136.0,66
780,0.5,go,162.0,66
781,1.0,stop,156.0,66
782,2.0,go,147.0,66
783,2.0,stop,162.0,66
784,0.5,go,176.0,66
785,2.0,go,162.0,66
786,1.0,stop,162.0,66
787,0.5,go,162.0,66
788,4.0,go,176.0,66
789,0.5,go,136.0,66
790,2.0,stop,156.0,66
791,4.0,go,132.0,66
792,0.5,go,132.0,66
793,1.0,go,132.0,66
794,2.0,stop,136.0,66
795,1.0,stop,136.0,66
716,4.0,go,220.0,55
717,2.0,go,216.0,55
718,2.0,go,147.0,55
719,1.0,go,0.0,55
720,1.0,stop,54.0,55
721,0.5,go,147.0,55
722,4.0,stop,324.0,55
723,2.0,go,68.0,55
724,1.0,stop,78.0,55
725,1.0,stop,44.0,55
726,0.5,stop,204.0,55
727,0.5,stop,245.0,55
728,4.0,go,196.0,55
729,1.0,stop,54.0,55
730,4.0,stop,324.0,55
731,0.5,go,39.0,55
732,4.0,stop,294.0,55
733,1.0,go,220.0,55
734,0.5,stop,102.0,55
735,4.0,stop,294.0,55
736,4.0,stop,204.0,55
737,1.0,go,98.0,55
738,4.0,stop,234.0,55
739,2.0,stop,216.0,55
740,1.0,go,136.0,55
741,0.5,stop,195.0,55
742,4.0,go,176.0,55
743,0.5,stop,108.0,55
744,4.0,go,196.0,55
745,1.0,stop,170.0,55
746,2.0,go,132.0,55
747,4.0,go,108.0,55
748,1.0,stop,44.0,55
749,4.0,go,78.0,55
750,0.5,stop,108.0,55
751,1.0,go,147.0,55
752,2.0,stop,204.0,55
753,0.5,stop,88.0,55
754,2.0,stop,117.0,55
755,1.0,stop,98.0,55
756,2.0,stop,245.0,55
757,2.0,go,39.0,55
758,0.5,go,39.0,55
759,1.0,go,195.0,55
760,4.0,go,324.0,55
761,2.0,stop,88.0,55
762,0.5,go,132.0,55
763,1.0,stop,49.0,55
764,4.0,stop,264.0,55
765,1.0,go,162.0,55
766,0.5,stop,196.0,55
767,1.0,go,216.0,55
768,4.0,stop,204.0,55
769,2.0,stop,216.0,55
770,2.0,go,132.0,55
771,1.0,stop,102.0,55
772,2.0,stop,147.0,55
773,4.0,stop,234.0,55
774,0.5,go,245.0,55
775,2.0,go,54.0,55
776,2.0,stop,176.0,55
777,2.0,stop,136.0,55
778,2.0,go,170.0,55
779,0.5,go,136.0,55
780,0.5,go,108.0,55
781,4.0,stop,264.0,55
782,1.0,stop,117.0,55
783,1.0,go,78.0,55
784,0.5,go,102.0,55
785,2.0,stop,156.0,55
786,0.5,stop,220.0,55
787,0.5,go,264.0,55
788,0.5,stop,195.0,55
789,4.0,go,78.0,55
790,2.0,go,39.0,55
791,4.0,go,68.0,55
792,4.0,go,68.0,55
793,2.0,go,98.0,55
794,0.5,go,108.0,55
795,1.0,go,136.0,55
716,4.0,go,68.0,62
717,2.0,stop,132.0,62
718,0.5,go,324.0,62
719,2.0,stop,170.0,62
720,4.0,stop,170.0,62
721,0.5,stop,245.0,62
722,1.0,go,270.0,62
723,2.0,go,245.0,62
724,0.5,go,195.0,62
725,2.0,stop,216.0,62
726,0.5,go,196.0,62
727,4.0,go,132.0,62
728,1.0,stop,132.0,62
729,1.0,stop,204.0,62
730,0.5,go,162.0,62
731,2.0,stop,98.0,62
732,0.5,go,68.0,62
733,1.0,stop,117.0,62
734,4.0,stop,162.0,62
735,1.0,stop,132.0,62
736,0.5,stop,162.0,62
737,1.0,go,117.0,62
738,1.0,go,117.0,62
739,1.0,go,102.0,62
740,4.0,stop,132.0,62
741,1.0,stop,108.0,62
742,2.0,go,195.0,62
743,2.0,stop,147.0,62
744,0.5,stop,176.0,62
745,1.0,stop,234.0,62
746,4.0,stop,176.0,62
747,4.0,stop,156.0,62
748,4.0,stop,170.0,62
749,4.0,go,195.0,62
750,0.5,stop,78.0,62
751,1.0,go,102.0,62
752,1.0,stop,98.0,62
753,0.5,stop,204.0,62
754,1.0,go,44.0,62
755,0.5,go,88.0,62
756,2.0,go,132.0,62
757,0.5,stop,78.0,62
758,0.5,stop,264.0,62
759,0.5,stop,162.0,62
760,0.5,go,195.0,62
761,1.0,go,245.0,62
762,1.0,go,108.0,62
763,2.0,go,136.0,62
764,0.5,stop,196.0,62
765,0.5,go,147.0,62
766,2.0,go,196.0,62
767,1.0,stop,170.0,62
768,4.0,stop,98.0,62
769,2.0,go,162.0,62
770,4.0,stop,156.0,62
771,4.0,go,270.0,62
772,2.0,go,132.0,62
773,1.0,go,147.0,62
774,4.0,go,294.0,62
775,4.0,go,234.0,62
776,4.0,stop,270.0,62
777,4.0,go,147.0,62
778,4.0,go,108.0,62
779,4.0,go,176.0,62
780,2.0,stop,264.0,62
781,0.5,go,68.0,62
782,2.0,stop,156.0,62
783,2.0,go,117.0,62
784,2.0,stop,270.0,62
785,1.0,go,132.0,62
786,0.5,go,220.0,62
787,2.0,stop,195.0,62
788,0.5,stop,204.0,62
789,2.0,go,204.0,62
790,2.0,stop,68.0,62
791,1.0,stop,294.0,62
792,4.0,go,136.0,62
793,4.0,stop,147.0,62
794,1.0,stop,270.0,62
795,2.0,go,162.0,62
716,2.0,stop,195.0,80
717,1.0,stop,117.0,80
718,4.0,go,220.0,80
719,1.0,go,245.0,80
720,4.0,stop,294.0,80
721,2.0,stop,132.0,80
722,0.5,stop,216.0,80
723,1.0,stop,162.0,80
724,1.0,stop,44.0,80
725,4.0,stop,156.0,80
726,4.0,stop,196.0,80
727,0.5,stop,170.0,80
728,1.0,go,117.0,80
729,2.0,go,108.0,80
730,1.0,stop,147.0,80
731,1.0,stop,196.0,80
732,4.0,go,136.0,80
733,0.5,go,54.0,80
734,2.0,stop,204.0,80
735,4.0,stop,216.0,80
736,0.5,go,204.0,80
737,0.5,go,220.0,80
738,1.0,go,162.0,80
739,1.0,go,264.0,80
740,4.0,go,245.0,80
741,1.0,go,102.0,80
742,0.5,go,196.0,80
743,4.0,stop,170.0,80
744,0.5,stop,195.0,80
745,2.0,go,156.0,80
746,4.0,go,117.0,80
747,4.0,stop,156.0,80
748,2.0,stop,264.0,80
749,0.5,go,156.0,80
750,2.0,go,49.0,80
751,1.0,go,162.0,80
752,2.0,stop,234.0,80
753,0.5,stop,220.0,80
754,2.0,stop,294.0,80
755,4.0,go,176.0,80
756,2.0,stop,108.0,80
757,2.0,go,162.0,80
758,4.0,stop,176.0,80
759,2.0,go,176.0,80
760,1.0,go,195.0,80
761,1.0,stop,195.0,80
762,4.0,go,204.0,80
763,2.0,go,204.0,80
764,1.0,stop,136.0,80
765,4.0,go,108.0,80
766,0.5,go,34.0,80
767,0.5,stop,176.0,80
768,0.5,stop,117.0,80
769,4.0,go,270.0,80
770,2.0,stop,270.0,80
771,0.5,stop,49.0,80
772,0.5,go,44.0,80
773,1.0,stop,324.0,80
774,2.0,go,170.0,80
775,0.5,stop,98.0,80
776,2.0,go,49.0,80
777,2.0,stop,170.0,80
778,0.5,stop,162.0,80
779,0.5,stop,136.0,80
780,4.0,go,245.0,80
781,4.0,stop,204.0,80
782,2.0,stop,294.0,80
783,2.0,go,132.0,80
784,0.5,go,245.0,80
785,0.5,go,39.0,80
786,4.0,go,195.0,80
787,1.0,go,98.0,80
788,4.0,stop,324.0,80
789,2.0,go,78.0,80
790,4.0,stop,264.0,80
791,0.5,go,162.0,80
792,1.0,stop,264.0,80
793,1.0,go,44.0,80
794,1.0,go,68.0,80
795,1.0,stop,204.0,80
716,4.0,go,195.0,39
717,2.0,go,245.0,39
718,0.5,stop,196.0,39
719,1.0,stop,196.0,39
720,2.0,stop,234.0,39
721,2.0,stop,270.0,39
722,2.0,go,220.0,39
723,1.0,stop,234.0,39
724,1.0,go,147.0,39
725,0.5,go,0.0,39
726,4.0,stop,132.0,39
727,0.5,stop,117.0,39
728,4.0,stop,216.0,39
729,0.5,go,156.0,39
730,2.0,stop,136.0,39
731,1.0,go,136.0,39
732,2.0,go,156.0,39
733,4.0,go,196.0,39
734,4.0,go,102.0,39
735,2.0,go,136.0,39
736,1.0,go,136.0,39
737,0.5,go,117.0,39
738,4.0,stop,108.0,39
739,2.0,go,136.0,39
740,4.0,go,170.0,39
741,0.5,stop,156.0,39
742,2.0,stop,245.0,39
743,0.5,stop,108.0,39
744,0.5,go,88.0,39
745,0.5,go,108.0,39
746,1.0,go,216.0,39
747,0.5,stop,132.0,39
748,1.0,stop,156.0,39
749,0.5,stop,196.0,39
750,0.5,go,162.0,39
751,2.0,stop,49.0,39
752,4.0,stop,245.0,39
753,4.0,go,78.0,39
754,1.0,stop,68.0,39
755,4.0,stop,204.0,39
756,2.0,go,270.0,39
757,2.0,stop,204.0,39
758,1.0,stop,264.0,39
759,0.5,stop,102.0,39
760,1.0,stop,162.0,39
761,0.5,stop,162.0,39
762,1.0,go,195.0,39
763,2.0,stop,132.0,39
764,4.0,go,294.0,39
765,4.0,go,132.0,39
766,4.0,stop,234.0,39
767,0.5,go,34.0,39
768,1.0,stop,44.0,39
769,1.0,go,270.0,39
770,4.0,go,270.0,39
771,1.0,go,196.0,39
772,2.0,stop,234.0,39
773,4.0,stop,195.0,39
774,4.0,stop,102.0,39
775,0.5,stop,102.0,39
776,1.0,go,176.0,39
777,2.0,stop,220.0,39
778,1.0,stop,204.0,39
779,2.0,go,216.0,39
780,4.0,go,270.0,39
781,4.0,stop,264.0,39
782,0.5,go,147.0,39
783,0.5,stop,132.0,39
784,0.5,go,220.0,39
785,1.0,stop,162.0,39
786,2.0,stop,54.0,39
787,1.0,go,156.0,39
788,2.0,go,234.0,39
789,0.5,go,147.0,39
790,2.0,go,220.0,39
791,1.0,stop,98.0,39
792,4.0,stop,245.0,39
793,4.0,go,88.0,39
794,1.0,go,264.0,39
795,2.0,go,196.0,39
716,0.5,go,0.0,56
717,4.0,stop,0.0,56
718,0.5,go,0.0,56
719,2.0,stop,108.0,56
720,0.5,go,132.0,56
721,2.0,stop,162.0,56
722,4.0,stop,108.0,56
723,4.0,stop,102.0,56
724,0.5,stop,102.0,56
725,2.0,stop,98.0,56
726,2.0,stop,0.0,56
727,4.0,go,98.0,56
728,0.5,stop,162.0,56
729,1.0,stop,108.0,56
730,1.0,stop,117.0,56
731,2.0,stop,136.0,56
732,2.0,go,132.0,56
733,1.0,stop,132.0,56
734,4.0,stop,147.0,56
735,4.0,go,195.0,56
736,0.5,stop,147.0,56
737,0.5,stop,156.0,56
738,4.0,stop,196.0,56
739,0.5,go,216.0,56
740,4.0,stop,176.0,56
741,0.5,stop,170.0,56
742,1.0,go,102.0,56
743,1.0,stop,162.0,56
744,2.0,go,176.0,56
745,0.5,stop,176.0,56
746,0.5,go,176.0,56
747,1.0,go,156.0,56
748,1.0,stop,245.0,56
749,2.0,go,117.0,56
750,4.0,go,156.0,56
751,2.0,go,196.0,56
752,2.0,stop,176.0,56
753,2.0,stop,117.0,56
754,2.0,stop,176.0,56
755,1.0,go,117.0,56
756,1.0,go,176.0,56
757,1.0,go,196.0,56
758,4.0,go,170.0,56
759,1.0,stop,170.0,56
760,2.0,stop,156.0,56
761,0.5,stop,176.0,56
762,0.5,stop,147.0,56
763,4.0,go,136.0,56
764,1.0,go,147.0,56
765,0.5,stop,156.0,56
766,0.5,go,170.0,56
767,1.0,stop,176.0,56
768,4.0,go,176.0,56
769,4.0,go,176.0,56
770,2.0,go,196.0,56
771,4.0,stop,156.0,56
772,1.0,go,162.0,56
773,0.5,stop,162.0,56
774,0.5,go,170.0,56
775,0.5,go,162.0,56
776,0.5,go,245.0,56
777,4.0,stop,156.0,56
778,2.0,go,156.0,56
779,4.0,stop,176.0,56
780,2.0,go,170.0,56
781,4.0,go,147.0,56
782,1.0,go,176.0,56
783,1.0,stop,147.0,56
784,1.0,stop,136.0,56
785,2.0,go,162.0,56
786,1.0,go,162.0,56
787,1.0,stop,156.0,56
788,0.5,go,147.0,56
789,2.0,stop,136.0,56
790,2.0,go,136.0,56
791,4.0,go,162.0,56
792,1.0,go,136.0,56
793,4.0,stop,136.0,56
794,2.0,go,162.0,56
795,4.0,go,162.0,56
716,2.0,go,0.0,11
717,1.0,go,264.0,11
718,1.0,stop,204.0,11
719,1.0,stop,234.0,11
720,0.5,go,39.0,11
721,0.5,stop,204.0,11
722,2.0,go,108.0,11
723,0.5,go,54.0,11
724,0.5,go,34.0,11
725,4.0,stop,324.0,11
726,4.0,stop,234.0,11
727,0.5,go,44.0,11
728,0.5,stop,264.0,11
729,0.5,go,54.0,11
730,1.0,go,39.0,11
731,4.0,stop,294.0,11
732,4.0,stop,204.0,11
733,1.0,go,68.0,11
734,2.0,go,147.0,11
735,4.0,stop,264.0,11
736,1.0,go,108.0,11
737,2.0,go,132.0,11
738,0.5,stop,324.0,11
739,2.0,stop,156.0,11
740,2.0,go,162.0,11
741,4.0,go,117.0,11
742,4.0,stop,264.0,11
743,1.0,go,147.0,11
744,4.0,go,132.0,11
745,0.5,go,49.0,11
746,2.0,stop,108.0,11
747,2.0,go,132.0,11
748,2.0,go,170.0,11
749,4.0,go,117.0,11
750,1.0,go,78.0,11
751,0.5,stop,245.0,11
752,4.0,stop,324.0,11
753,2.0,stop,132.0,11
754,4.0,go,102.0,11
755,2.0,stop,108.0,11
756,2.0,stop,147.0,11
757,4.0,stop,204.0,11
758,1.0,stop,324.0,11
759,2.0,go,136.0,11
760,1.0,stop,270.0,11
761,2.0,go,245.0,11
762,0.5,stop,324.0,11
763,2.0,stop,204.0,11
764,1.0,go,147.0,11
765,2.0,stop,170.0,11
766,2.0,stop,147.0,11
767,0.5,go,294.0,11
768,0.5,go,264.0,11
769,2.0,stop,132.0,11
770,0.5,stop,204.0,11
771,0.5,stop,234.0,11
772,1.0,stop,234.0,11
773,4.0,go,102.0,11
774,0.5,go,204.0,11
775,0.5,stop,264.0,11
776,0.5,go,78.0,11
777,2.0,stop,117.0,11
778,2.0,go,117.0,11
779,4.0,stop,234.0,11
780,1.0,stop,264.0,11
781,0.5,stop,294.0,11
782,4.0,go,88.0,11
783,1.0,stop,294.0,11
784,1.0,stop,264.0,11
785,1.0,go,132.0,11
786,4.0,go,49.0,11
787,1.0,stop,204.0,11
788,4.0,go,49.0,11
789,1.0,stop,294.0,11
790,0.5,stop,234.0,11
791,4.0,stop,294.0,11
792,1.0,go,108.0,11
793,1.0,go,102.0,11
794,4.0,go,54.0,11
795,4.0,go,108.0,11
716,4.0,go,220.0,61
717,0.5,go,88.0,61
718,1.0,go,170.0,61
719,0.5,go,195.0,61
720,2.0,stop,170.0,61
721,0.5,stop,102.0,61
722,2.0,go,156.0,61
723,2.0,stop,196.0,61
724,2.0,go,264.0,61
725,1.0,go,54.0,61
726,2.0,stop,162.0,61
727,4.0,stop,117.0,61
728,4.0,stop,136.0,61
729,1.0,stop,176.0,61
730,1.0,go,176.0,61
731,2.0,go,147.0,61
732,0.5,go,147.0,61
733,1.0,stop,68.0,61
734,4.0,stop,132.0,61
735,2.0,stop,162.0,61
736,0.5,go,78.0,61
737,4.0,stop,147.0,61
738,0.5,stop,216.0,61
739,4.0,go,117.0,61
740,4.0,go,196.0,61
741,2.0,go,234.0,61
742,1.0,stop,147.0,61
743,2.0,go,108.0,61
744,4.0,stop,170.0,61
745,2.0,stop,220.0,61
746,4.0,go,132.0,61
747,0.5,go,220.0,61
748,4.0,go,216.0,61
749,0.5,stop,196.0,61
750,2.0,stop,68.0,61
751,4.0,stop,220.0,61
752,1.0,go,270.0,61
753,4.0,stop,162.0,61
754,1.0,stop,132.0,61
755,0.5,stop,88.0,61
756,1.0,go,117.0,61
757,4.0,go,147.0,61
758,1.0,stop,117.0,61
759,0.5,go,98.0,61
760,2.0,stop,195.0,61
761,2.0,stop,156.0,61
762,4.0,go,102.0,61
763,4.0,go,117.0,61
764,1.0,go,136.0,61
765,0.5,go,216.0,61
766,1.0,stop,78.0,61
767,0.5,go,136.0,61
768,1.0,stop,98.0,61
769,4.0,go,102.0,61
770,1.0,stop,108.0,61
771,0.5,stop,195.0,61
772,2.0,go,196.0,61
773,1.0,stop,108.0,61
774,0.5,stop,78.0,61
775,0.5,stop,98.0,61
776,0.5,stop,108.0,61
777,2.0,stop,176.0,61
778,1.0,go,245.0,61
779,2.0,go,204.0,61
780,0.5,stop,170.0,61
781,2.0,go,204.0,61
782,4.0,stop,196.0,61
783,2.0,stop,49.0,61
784,1.0,go,196.0,61
785,0.5,stop,176.0,61
786,1.0,go,0.0,61
787,1.0,stop,68.0,61
788,4.0,stop,156.0,61
789,0.5,go,204.0,61
790,2.0,go,88.0,61
791,4.0,stop,270.0,61
792,4.0,go,108.0,61
793,1.0,go,195.0,61
794,0.5,go,108.0,61
795,2.0,go,162.0,61
716,0.5,go,0.0,72
717,0.5,go,196.0,72
718,0.5,go,132.0,72
719,4.0,go,170.0,72
720,0.5,go,156.0,72
721,1.0,go,176.0,72
722,2.0,stop,98.0,72
723,0.5,go,324.0,72
724,2.0,go,216.0,72
725,4.0,go,195.0,72
726,0.5,go,136.0,72
727,0.5,go,147.0,72
728,0.5,stop,54.0,72
729,0.5,go,136.0,72
730,2.0,go,220.0,72
731,2.0,stop,102.0,72
732,2.0,go,147.0,72
733,4.0,go,216.0,72
734,1.0,stop,195.0,72
735,4.0,stop,195.0,72
736,0.5,go,216.0,72
737,1.0,go,195.0,72
738,2.0,stop,0.0,72
739,4.0,go,195.0,72
740,4.0,go,196.0,72
741,1.0,go,176.0,72
742,2.0,go,195.0,72
743,4.0,stop,196.0,72
744,4.0,stop,170.0,72
745,1.0,stop,216.0,72
746,1.0,go,245.0,72
747,0.5,stop,324.0,72
748,0.5,stop,102.0,72
749,4.0,stop,204.0,72
750,1.0,stop,196.0,72
751,2.0,go,204.0,72
752,1.0,stop,195.0,72
753,4.0,go,170.0,72
754,4.0,stop,195.0,72
755,0.5,stop,170.0,72
756,2.0,stop,176.0,72
757,2.0,go,245.0,72
758,2.0,go,220.0,72
759,2.0,stop,117.0,72
760,1.0,go,0.0,72
761,0.5,stop,98.0,72
762,0.5,stop,78.0,72
763,0.5,stop,147.0,72
764,2.0,stop,102.0,72
765,1.0,go,245.0,72
766,1.0,stop,170.0,72
767,1.0,stop,0.0,72
768,1.0,stop,220.0,72
769,1.0,stop,204.0,72
770,2.0,stop,78.0,72
771,4.0,stop,220.0,72
772,1.0,stop,176.0,72
773,0.5,stop,117.0,72
774,0.5,stop,132.0,72
775,2.0,go,270.0,72
776,0.5,go,220.0,72
777,4.0,go,162.0,72
778,4.0,stop,196.0,72
779,2.0,stop,98.0,72
780,4.0,stop,220.0,72
781,4.0,stop,0.0,72
782,4.0,go,176.0,72
783,2.0,go,170.0,72
784,1.0,stop,196.0,72
785,1.0,go,108.0,72
786,1.0,go,195.0,72
787,4.0,stop,216.0,72
788,1.0,go,34.0,72
789,0.5,stop,88.0,72
790,2.0,go,195.0,72
791,2.0,stop,162.0,72
792,1.0,go,170.0,72
793,2.0,stop,88.0,72
794,4.0,go,176.0,72
795,4.0,go,245.0,72
716,2.0,stop,220.0,83
717,4.0,go,294.0,83
718,4.0,stop,195.0,83
719,2.0,go,204.0,83
720,0.5,go,270.0,83
721,2.0,go,245.0,83
722,0.5,go,136.0,83
723,4.0,go,195.0,83
724,1.0,stop,170.0,83
725,0.5,stop,324.0,83
726,0.5,stop,195.0,83
727,0.5,go,132.0,83
728,2.0,stop,195.0,83
729,4.0,stop,156.0,83
730,0.5,go,195.0,83
731,4.0,stop,270.0,83
732,0.5,go,195.0,83
733,0.5,stop,176.0,83
734,4.0,go,220.0,83
735,0.5,stop,270.0,83
736,0.5,go,270.0,83
737,2.0,stop,220.0,83
738,1.0,go,195.0,83
739,2.0,go,136.0,83
740,4.0,go,170.0,83
741,1.0,stop,220.0,83
742,1.0,go,136.0,83
743,2.0,stop,170.0,83
744,2.0,go,220.0,83
745,4.0,go,220.0,83
746,2.0,stop,170.0,83
747,2.0,go,245.0,83
748,4.0,stop,245.0,83
749,0.5,go,196.0,83
750,1.0,go,147.0,83
751,2.0,stop,234.0,83
752,1.0,stop,216.0,83
753,2.0,go,220.0,83
754,0.5,stop,170.0,83
755,0.5,stop,196.0,83
756,0.5,stop,176.0,83
757,2.0,stop,196.0,83
758,1.0,go,170.0,83
759,1.0,stop,156.0,83
760,1.0,go,270.0,83
761,1.0,stop,44.0,83
762,1.0,go,195.0,83
763,0.5,go,176.0,83
764,1.0,stop,170.0,83
765,0.5,stop,196.0,83
766,1.0,go,220.0,83
767,0.5,go,196.0,83
768,0.5,stop,195.0,83
769,4.0,stop,170.0,83
770,4.0,go,216.0,83
771,4.0,stop,220.0,83
772,4.0,stop,196.0,83
773,4.0,stop,176.0,83
774,0.5,go,170.0,83
775,1.0,go,270.0,83
776,1.0,stop,216.0,83
777,1.0,stop,245.0,83
778,1.0,stop,196.0,83
779,1.0,go,245.0,83
780,1.0,go,44.0,83
781,4.0,go,245.0,83
782,4.0,go,195.0,83
783,2.0,stop,216.0,83
784,2.0,stop,216.0,83
785,2.0,go,216.0,83
786,1.0,stop,156.0,83
787,0.5,stop,170.0,83
788,4.0,stop,170.0,83
789,2.0,stop,196.0,83
790,2.0,go,78.0,83
791,2.0,go,195.0,83
792,4.0,go,216.0,83
793,4.0,go,170.0,83
794,4.0,stop,216.0,83
795,2.0,go,270.0,83
716,2.0,stop,264.0,64
717,2.0,go,0.0,64
718,4.0,go,294.0,64
719,1.0,stop,98.0,64
720,0.5,go,44.0,64
721,0.5,stop,49.0,64
722,2.0,go,196.0,64
723,1.0,go,88.0,64
724,2.0,go,170.0,64
725,4.0,go,195.0,64
726,0.5,go,294.0,64
727,4.0,go,34.0,64
728,4.0,stop,49.0,64
729,0.5,go,34.0,64
730,4.0,go,132.0,64
731,1.0,stop,117.0,64
732,2.0,go,220.0,64
733,2.0,stop,136.0,64
734,1.0,go,234.0,64
735,1.0,stop,204.0,64
736,1.0,stop,294.0,64
737,2.0,go,39.0,64
738,2.0,stop,98.0,64
739,0.5,go,34.0,64
740,1.0,stop,264.0,64
741,4.0,stop,49.0,64
742,1.0,go,245.0,64
743,2.0,stop,204.0,64
744,2.0,go,216.0,64
745,0.5,stop,264.0,64
746,4.0,stop,234.0,64
747,4.0,stop,78.0,64
748,4.0,stop,34.0,64
749,0.5,go,234.0,64
750,4.0,go,195.0,64
751,2.0,go,34.0,64
752,0.5,stop,132.0,64
753,0.5,stop,195.0,64
754,4.0,stop,88.0,64
755,4.0,go,264.0,64
756,1.0,stop,234.0,64
757,4.0,stop,264.0,64
758,0.5,stop,270.0,64
759,0.5,go,108.0,64
760,0.5,stop,170.0,64
761,2.0,stop,324.0,64
762,0.5,stop,102.0,64
763,2.0,go,245.0,64
764,4.0,stop,162.0,64
765,1.0,go,102.0,64
766,2.0,go,54.0,64
767,0.5,go,132.0,64
768,0.5,stop,147.0,64
769,1.0,stop,54.0,64
770,4.0,stop,108.0,64
771,4.0,go,162.0,64
772,2.0,stop,270.0,64
773,0.5,stop,117.0,64
774,4.0,go,34.0,64
775,1.0,stop,136.0,64
776,1.0,go,270.0,64
777,2.0,stop,132.0,64
778,2.0,go,234.0,64
779,1.0,go,88.0,64
780,1.0,stop,216.0,64
781,0.5,go,98.0,64
782,4.0,stop,68.0,64
783,2.0,stop,294.0,64
784,0.5,go,117.0,64
785,4.0,go,162.0,64
786,1.0,go,78.0,64
787,1.0,go,49.0,64
788,1.0,go,54.0,64
789,2.0,stop,156.0,64
790,0.5,stop,108.0,64
791,2.0,stop,234.0,64
792,4.0,go,147.0,64
793,1.0,go,68.0,64
794,0.5,go,270.0,64
795,1.0,stop,264.0,64
716,4.0,stop,0.0,14
717,2.0,stop,245.0,14
718,2.0,stop,245.0,14
719,1.0,go,156.0,14
720,0.5,stop,216.0,14
721,1.0,stop,234.0,14
722,4.0,stop,220.0,14
723,0.5,stop,234.0,14
724,2.0,go,195.0,14
725,2.0,go,136.0,14
726,0.5,stop,102.0,14
727,0.5,stop,245.0,14
728,4.0,go,170.0,14
729,2.0,stop,39.0,14
730,0.5,go,176.0,14
731,2.0,stop,195.0,14
732,4.0,stop,324.0,14
733,0.5,stop,44.0,14
734,0.5,go,294.0,14
735,2.0,stop,34.0,14
736,0.5,stop,102.0,14
737,2.0,stop,44.0,14
738,1.0,stop,108.0,14
739,2.0,go,270.0,14
740,1.0,stop,102.0,14
741,1.0,stop,216.0,14
742,2.0,go,102.0,14
743,4.0,go,78.0,14
744,1.0,stop,98.0,14
745,1.0,stop,117.0,14
746,0.5,go,108.0,14
747,2.0,go,264.0,14
748,0.5,go,156.0,14
749,0.5,go,264.0,14
750,4.0,stop,195.0,14
751,1.0,go,324.0,14
752,1.0,go,195.0,14
753,1.0,stop,132.0,14
754,1.0,go,54.0,14
755,2.0,go,88.0,14
756,2.0,go,245.0,14
757,0.5,go,102.0,14
758,4.0,go,88.0,14
759,1.0,go,294.0,14
760,4.0,go,170.0,14
761,0.5,stop,324.0,14
762,4.0,go,245.0,14
763,4.0,go,195.0,14
764,1.0,go,196.0,14
765,4.0,go,196.0,14
766,4.0,go,220.0,14
767,1.0,go,204.0,14
768,4.0,stop,245.0,14
769,1.0,stop,170.0,14
770,2.0,go,54.0,14
771,4.0,go,108.0,14
772,2.0,stop,54.0,14
773,4.0,stop,176.0,14
774,4.0,stop,324.0,14
775,4.0,stop,156.0,14
776,0.5,stop,176.0,14
777,1.0,go,44.0,14
778,0.5,stop,195.0,14
779,1.0,go,132.0,14
780,2.0,stop,136.0,14
781,2.0,go,78.0,14
782,4.0,stop,68.0,14
783,2.0,stop,176.0,14
784,1.0,go,34.0,14
785,2.0,stop,324.0,14
786,2.0,go,245.0,14
787,0.5,stop,245.0,14
788,0.5,go,294.0,14
789,1.0,stop,264.0,14
790,4.0,go,324.0,14
791,0.5,go,270.0,14
792,1.0,stop,294.0,14
793,0.5,go,136.0,14
794,4.0,stop,204.0,14
795,0.5,go,39.0,14
716,4.0,stop,0.0,77
717,4.0,go,78.0,77
718,1.0,stop,234.0,77
719,2.0,go,220.0,77
720,0.5,stop,162.0,77
721,4.0,go,132.0,77
722,1.0,stop,132.0,77
723,1.0,stop,162.0,77
724,0.5,stop,117.0,77
725,4.0,go,170.0,77
726,0.5,go,132.0,77
727,1.0,go,117.0,77
728,0.5,go,117.0,77
729,0.5,stop,216.0,77
730,1.0,stop,68.0,77
731,0.5,go,147.0,77
732,0.5,stop,102.0,77
733,0.5,go,245.0,77
734,0.5,go,162.0,77
735,2.0,go,196.0,77
736,0.5,go,117.0,77
737,0.5,stop,245.0,77
738,4.0,go,49.0,77
739,4.0,stop,220.0,77
740,1.0,stop,216.0,77
741,1.0,go,68.0,77
742,0.5,go,176.0,77
743,2.0,go,270.0,77
744,4.0,stop,234.0,77
745,2.0,go,196.0,77
746,4.0,go,132.0,77
747,2.0,stop,102.0,77
748,0.5,stop,39.0,77
749,2.0,stop,196.0,77
750,0.5,stop,147.0,77
751,2.0,go,132.0,77
752,2.0,go,156.0,77
753,4.0,stop,102.0,77
754,2.0,stop,0.0,77
755,2.0,go,156.0,77
756,1.0,stop,147.0,77
757,2.0,stop,0.0,77
758,2.0,go,102.0,77
759,1.0,stop,294.0,77
760,0.5,stop,68.0,77
761,1.0,stop,102.0,77
762,4.0,stop,136.0,77
763,0.5,go,136.0,77
764,4.0,go,108.0,77
765,0.5,stop,88.0,77
766,2.0,stop,216.0,77
767,1.0,go,108.0,77
768,2.0,stop,156.0,77
769,4.0,stop,54.0,77
770,1.0,stop,195.0,77
771,1.0,go,245.0,77
772,2.0,stop,0.0,77
773,1.0,go,176.0,77
774,0.5,stop,44.0,77
775,2.0,stop,78.0,77
776,0.5,go,216.0,77
777,2.0,go,216.0,77
778,4.0,stop,44.0,77
779,4.0,stop,108.0,77
780,0.5,go,136.0,77
781,1.0,go,117.0,77
782,1.0,stop,132.0,77
783,2.0,stop,176.0,77
784,1.0,go,136.0,77
785,4.0,go,54.0,77
786,4.0,go,156.0,77
787,1.0,go,132.0,77
788,2.0,go,136.0,77
789,4.0,stop,78.0,77
790,4.0,go,204.0,77
791,2.0,stop,88.0,77
792,4.0,go,98.0,77
793,4.0,stop,294.0,77
794,1.0,go,294.0,77
795,1.0,go,108.0,77
716,2.0,stop,0.0,78
717,4.0,go,176.0,78
718,1.0,go,170.0,78
719,1.0,go,176.0,78
720,4.0,stop,39.0,78
721,2.0,stop,88.0,78
722,1.0,stop,264.0,78
723,4.0,go,216.0,78
724,2.0,go,117.0,78
725,1.0,go,98.0,78
726,2.0,stop,54.0,78
727,0.5,go,102.0,78
728,0.5,go,98.0,78
729,0.5,stop,132.0,78
730,4.0,stop,170.0,78
731,0.5,stop,102.0,78
732,4.0,stop,176.0,78
733,0.5,go,216.0,78
734,2.0,go,162.0,78
735,4.0,stop,44.0,78
736,0.5,stop,196.0,78
737,2.0,go,147.0,78
738,2.0,go,136.0,78
739,1.0,go,196.0,78
740,1.0,stop,196.0,78
741,4.0,go,234.0,78
742,2.0,stop,147.0,78
743,0.5,go,132.0,78
744,0.5,go,117.0,78
745,0.5,go,88.0,78
746,2.0,stop,216.0,78
747,0.5,go,196.0,78
748,2.0,go,102.0,78
749,2.0,stop,132.0,78
750,4.0,go,68.0,78
751,4.0,stop,156.0,78
752,1.0,stop,162.0,78
753,1.0,go,216.0,78
754,1.0,go,156.0,78
755,1.0,stop,117.0,78
756,4.0,stop,294.0,78
757,0.5,go,162.0,78
758,4.0,stop,196.0,78
759,4.0,go,176.0,78
760,4.0,stop,216.0,78
761,2.0,go,162.0,78
762,4.0,go,162.0,78
763,1.0,stop,136.0,78
764,1.0,stop,98.0,78
765,2.0,go,176.0,78
766,4.0,go,196.0,78
767,1.0,stop,68.0,78
768,2.0,stop,68.0,78
769,4.0,stop,108.0,78
770,0.5,stop,245.0,78
771,2.0,stop,156.0,78
772,4.0,go,68.0,78
773,1.0,stop,54.0,78
774,0.5,stop,204.0,78
775,2.0,go,44.0,78
776,2.0,stop,117.0,78
777,4.0,go,98.0,78
778,4.0,go,78.0,78
779,4.0,stop,102.0,78
780,0.5,stop,264.0,78
781,0.5,stop,234.0,78
782,1.0,stop,176.0,78
783,0.5,stop,195.0,78
784,1.0,go,117.0,78
785,2.0,stop,98.0,78
786,0.5,stop,216.0,78
787,2.0,go,156.0,78
788,0.5,go,136.0,78
789,1.0,go,176.0,78
790,0.5,go,156.0,78
791,2.0,go,98.0,78
792,0.5,stop,270.0,78
793,1.0,go,162.0,78
794,1.0,go,170.0,78
795,1.0,stop,195.0,78
716,4.0,go,0.0,67
717,4.0,go,220.0,67
718,0.5,go,34.0,67
719,1.0,go,78.0,67
720,1.0,stop,132.0,67
721,0.5,stop,102.0,67
722,2.0,go,44.0,67
723,4.0,stop,234.0,67
724,2.0,stop,204.0,67
725,0.5,go,0.0,67
726,1.0,go,49.0,67
727,0.5,go,108.0,67
728,4.0,stop,294.0,67
729,4.0,stop,264.0,67
730,0.5,go,98.0,67
731,0.5,stop,136.0,67
732,0.5,go,117.0,67
733,2.0,stop,147.0,67
734,2.0,go,34.0,67
735,4.0,stop,204.0,67
736,2.0,stop,156.0,67
737,0.5,stop,88.0,67
738,4.0,stop,234.0,67
739,1.0,go,132.0,67
740,2.0,go,147.0,67
741,1.0,stop,54.0,67
742,4.0,go,196.0,67
743,1.0,go,108.0,67
744,2.0,go,162.0,67
745,0.5,stop,98.0,67
746,2.0,go,147.0,67
747,1.0,stop,39.0,67
748,4.0,go,170.0,67
749,1.0,stop,54.0,67
750,1.0,go,44.0,67
751,4.0,go,170.0,67
752,1.0,stop,68.0,67
753,2.0,stop,136.0,67
754,0.5,stop,108.0,67
755,1.0,stop,68.0,67
756,0.5,go,88.0,67
757,1.0,stop,98.0,67
758,1.0,go,49.0,67
759,4.0,stop,324.0,67
760,1.0,go,39.0,67
761,2.0,stop,132.0,67
762,4.0,stop,294.0,67
763,0.5,stop,117.0,67
764,1.0,stop,78.0,67
765,1.0,stop,147.0,67
766,2.0,go,136.0,67
767,0.5,go,88.0,67
768,1.0,stop,44.0,67
769,1.0,go,68.0,67
770,0.5,go,78.0,67
771,2.0,stop,162.0,67
772,4.0,go,176.0,67
773,2.0,go,176.0,67
774,1.0,go,54.0,67
775,4.0,stop,264.0,67
776,2.0,go,117.0,67
777,4.0,go,216.0,67
778,4.0,stop,204.0,67
779,0.5,stop,108.0,67
780,2.0,stop,132.0,67
781,4.0,go,196.0,67
782,0.5,go,49.0,67
783,2.0,go,216.0,67
784,0.5,stop,147.0,67
785,4.0,go,117.0,67
786,2.0,stop,117.0,67
787,0.5,stop,117.0,67
788,0.5,go,34.0,67
789,2.0,go,156.0,67
790,0.5,stop,132.0,67
791,4.0,stop,270.0,67
792,2.0,stop,162.0,67
793,1.0,go,34.0,67
794,4.0,go,156.0,67
795,2.0,stop,147.0,67
716,0.5,go,0.0,20
717,4.0,stop,220.0,20
718,1.0,go,147.0,20
719,2.0,go,78.0,20
720,4.0,go,162.0,20
721,0.5,stop,136.0,20
722,2.0,go,54.0,20
723,2.0,go,68.0,20
724,0.5,stop,136.0,20
725,4.0,go,234.0,20
726,4.0,stop,39.0,20
727,0.5,go,117.0,20
728,1.0,go,220.0,20
729,1.0,go,156.0,20
730,1.0,stop,102.0,20
731,2.0,go,98.0,20
732,4.0,stop,270.0,20
733,4.0,go,216.0,20
734,1.0,stop,270.0,20
735,0.5,go,196.0,20
736,1.0,go,204.0,20
737,2.0,go,102.0,20
738,2.0,stop,170.0,20
739,1.0,go,245.0,20
740,0.5,stop,216.0,20
741,4.0,stop,49.0,20
742,4.0,stop,98.0,20
743,2.0,stop,264.0,20
744,1.0,go,220.0,20
745,2.0,stop,294.0,20
746,2.0,go,264.0,20
747,4.0,go,234.0,20
748,4.0,go,68.0,20
749,1.0,stop,88.0,20
750,1.0,go,102.0,20
751,2.0,go,270.0,20
752,4.0,stop,264.0,20
753,0.5,go,216.0,20
754,2.0,stop,98.0,20
755,1.0,stop,220.0,20
756,4.0,go,44.0,20
757,0.5,stop,156.0,20
758,4.0,go,34.0,20
759,0.5,go,68.0,20
760,0.5,stop,49.0,20
761,4.0,stop,39.0,20
762,0.5,go,78.0,20
763,0.5,go,44.0,20
764,4.0,go,88.0,20
765,4.0,go,196.0,20
766,1.0,stop,117.0,20
767,0.5,go,162.0,20
768,0.5,stop,324.0,20
769,0.5,stop,98.0,20
770,2.0,stop,324.0,20
771,0.5,go,132.0,20
772,2.0,stop,78.0,20
773,1.0,go,270.0,20
774,4.0,go,294.0,20
775,0.5,stop,195.0,20
776,1.0,stop,102.0,20
777,4.0,stop,324.0,20
778,2.0,stop,216.0,20
779,1.0,stop,294.0,20
780,2.0,go,176.0,20
781,1.0,go,54.0,20
782,4.0,stop,136.0,20
783,1.0,go,117.0,20
784,0.5,go,196.0,20
785,1.0,stop,54.0,20
786,1.0,stop,196.0,20
787,4.0,stop,68.0,20
788,2.0,go,98.0,20
789,2.0,stop,68.0,20
790,0.5,stop,88.0,20
791,1.0,stop,78.0,20
792,2.0,stop,88.0,20
793,2.0,go,78.0,20
794,2.0,stop,117.0,20
795,0.5,stop,264.0,20
716,0.5,go,0.0,74
717,0.5,go,234.0,74
718,0.5,stop,102.0,74
719,1.0,stop,102.0,74
720,1.0,stop,132.0,74
721,0.5,stop,216.0,74
722,2.0,go,270.0,74
723,0.5,go,216.0,74
724,4.0,go,195.0,74
725,2.0,go,117.0,74
726,2.0,go,102.0,74
727,4.0,stop,132.0,74
728,0.5,stop,220.0,74
729,2.0,stop,196.0,74
730,1.0,stop,102.0,74
731,0.5,go,98.0,74
732,2.0,stop,162.0,74
733,1.0,go,147.0,74
734,1.0,go,156.0,74
735,4.0,go,136.0,74
736,2.0,stop,102.0,74
737,4.0,stop,49.0,74
738,2.0,go,44.0,74
739,4.0,stop,324.0,74
740,1.0,stop,132.0,74
741,4.0,go,49.0,74
742,1.0,go,216.0,74
743,2.0,go,132.0,74
744,1.0,stop,162.0,74
745,4.0,go,220.0,74
746,0.5,go,132.0,74
747,0.5,stop,196.0,74
748,0.5,go,88.0,74
749,2.0,go,195.0,74
750,2.0,stop,162.0,74
751,1.0,go,98.0,74
752,0.5,go,98.0,74
753,4.0,stop,216.0,74
754,2.0,go,98.0,74
755,0.5,go,68.0,74
756,0.5,stop,220.0,74
757,2.0,go,196.0,74
758,2.0,go,162.0,74
759,4.0,stop,68.0,74
760,4.0,go,54.0,74
761,1.0,stop,39.0,74
762,2.0,stop,78.0,74
763,1.0,go,156.0,74
764,0.5,go,68.0,74
765,1.0,stop,196.0,74
766,1.0,go,204.0,74
767,2.0,stop,117.0,74
768,0.5,stop,270.0,74
769,4.0,go,245.0,74
770,2.0,stop,102.0,74
771,1.0,go,162.0,74
772,1.0,stop,195.0,74
773,1.0,stop,98.0,74
774,0.5,stop,195.0,74
775,4.0,stop,147.0,74
776,0.5,stop,245.0,74
777,4.0,stop,220.0,74
778,4.0,go,78.0,74
779,1.0,stop,108.0,74
780,4.0,stop,234.0,74
781,2.0,stop,132.0,74
782,0.5,stop,117.0,74
783,0.5,go,156.0,74
784,2.0,go,136.0,74
785,4.0,stop,204.0,74
786,1.0,go,88.0,74
787,4.0,go,132.0,74
788,4.0,go,54.0,74
789,2.0,stop,264.0,74
790,4.0,stop,117.0,74
791,4.0,go,68.0,74
792,0.5,stop,136.0,74
793,1.0,go,176.0,74
794,2.0,stop,196.0,74
795,1.0,go,102.0,74
716,1.0,stop,108.0,68
717,1.0,go,0.0,68
718,2.0,go,216.0,68
719,2.0,stop,196.0,68
720,0.5,stop,68.0,68
721,1.0,stop,98.0,68
722,0.5,go,270.0,68
723,4.0,go,204.0,68
724,0.5,stop,54.0,68
725,2.0,go,195.0,68
726,0.5,go,34.0,68
727,4.0,stop,264.0,68
728,2.0,go,196.0,68
729,0.5,go,39.0,68
730,4.0,stop,204.0,68
731,1.0,go,98.0,68
732,0.5,go,54.0,68
733,4.0,go,234.0,68
734,2.0,stop,162.0,68
735,1.0,go,88.0,68
736,4.0,go,204.0,68
737,2.0,stop,108.0,68
738,2.0,stop,204.0,68
739,1.0,stop,102.0,68
740,2.0,go,216.0,68
741,2.0,stop,176.0,68
742,2.0,go,102.0,68
743,0.5,go,44.0,68
744,0.5,go,49.0,68
745,2.0,go,196.0,68
746,4.0,go,264.0,68
747,2.0,go,220.0,68
748,0.5,stop,34.0,68
749,1.0,stop,88.0,68
750,0.5,stop,49.0,68
751,1.0,go,102.0,68
752,2.0,stop,220.0,68
753,1.0,go,108.0,68
754,2.0,go,195.0,68
755,0.5,go,44.0,68
756,1.0,stop,102.0,68
757,4.0,go,264.0,68
758,1.0,go,117.0,68
759,0.5,stop,54.0,68
760,2.0,stop,195.0,68
761,1.0,stop,98.0,68
762,0.5,stop,49.0,68
763,1.0,go,195.0,68
764,1.0,go,98.0,68
765,4.0,go,294.0,68
766,4.0,stop,294.0,68
767,1.0,go,102.0,68
768,2.0,go,204.0,68
769,0.5,stop,39.0,68
770,4.0,stop,324.0,68
771,4.0,stop,264.0,68
772,0.5,stop,44.0,68
773,2.0,stop,204.0,68
774,0.5,go,49.0,68
775,4.0,go,234.0,68
776,1.0,stop,88.0,68
777,1.0,go,108.0,68
778,0.5,go,39.0,68
779,4.0,go,324.0,68
780,0.5,go,34.0,68
781,4.0,stop,324.0,68
782,4.0,stop,294.0,68
783,0.5,stop,44.0,68
784,4.0,stop,204.0,68
785,2.0,stop,195.0,68
786,1.0,stop,108.0,68
787,0.5,stop,39.0,68
788,1.0,stop,117.0,68
789,1.0,stop,117.0,68
790,2.0,go,220.0,68
791,2.0,stop,196.0,68
792,4.0,stop,234.0,68
793,4.0,go,324.0,68
794,4.0,stop,234.0,68
795,4.0,go,294.0,68
